-- ============================================================
-- RideNDine Seed Data — Schema-Compliant
-- 4 Chefs (3 approved, 1 pending) | 3 Storefronts | 15 Dishes
-- 2 Customers | 2 Drivers | 8 Orders | Deliveries (incl. 1 unassigned pending)
-- 1 pending driver offer | 1 pending refund case
-- ============================================================
--
-- DETERMINISTIC SEED ID SCHEME (all ids are valid UUID literals)
-- ------------------------------------------------------------
-- The old human-readable fake ids (kit-…, ord-…, osh-…, …) were NOT valid
-- UUIDs and failed on Postgres uuid columns. They were mapped 1:1 to valid
-- UUIDs with this stable, traceable pattern:
--
--   <entity-prefix>-<group>-4000-8000-<zero-padded sequence>
--
--   Entity (1st segment)            New prefix   Old prefix  Mnemonic
--   chef_kitchens                   aa000000     kit-        —
--   menu_categories                 ca700000     cat-        "ca7" = cat
--   menu_items                      17e30000     item-       "17e" ≈ ite(m)
--   customers                       c0570000     cust-       "c057" ≈ cust
--   customer_addresses              add20000     addr-       "add2" ≈ addr
--   drivers                         d2000000     drv-        "d2" ≈ dr
--   driver_vehicles                 f1ee0000     veh-        "f1ee" ≈ flee(t)
--   orders                          0d000000     ord-        "0d" ≈ o(r)d
--   order_items                     01000000     oi-         "01" ≈ oi
--   order_status_history            05000000     osh-        "05" ≈ os(h)
--   deliveries                      de100000     del-        "de1" = del
--   reviews                         ee000000     rev-        —
--   assignment_attempts             0ffe0000     —           "0ffe" ≈ offe(r)
--   refund_cases                    ca5e0000     —           "ca5e" ≈ case
--
--   Group (2nd segment):
--     * menu_categories / menu_items / chef_kitchens: storefront code
--       0001 = every-bite-yum, 0002 = hoang-gia-pho, 0003 = cooco
--     * order_items / order_status_history: parent order sequence (0001–0006)
--     * everything else: 0000
--   3rd/4th segments are always 4000/8000 (v4-shaped). Last segment keeps the
--   old sequence number, zero-padded (e.g. old '01000000-0003-4000-8000-000000000002' → order 3, item 2 →
--   '01000000-0003-4000-8000-000000000002').
--
-- Ids that were ALREADY valid UUIDs are unchanged (auth.users 0…/1…/…/8…,
-- platform_users 90000000-…, chef_profiles aaaa…/bbbb…/cccc…/a1a1…,
-- storefronts dddd…/eeee…/ffff…, Sean multi-role rows 11111111-2222-3333-*,
-- unassigned delivery b2b2…).
-- Guard: scripts/e2e/validate-seed-uuids.mjs (pnpm e2e:validate-seed).
-- ============================================================

-- ============================================================
-- SECTION 1: AUTH USERS
-- ============================================================

INSERT INTO auth.users (id, email, encrypted_password, email_confirmed_at, created_at, updated_at, raw_app_meta_data, raw_user_meta_data, is_super_admin, role)
VALUES
  ('00000000-0000-0000-0000-000000000001', 'ops@ridendine.ca', crypt('password123', gen_salt('bf')), NOW(), NOW(), NOW(),
   '{"provider":"email","providers":["email"],"role":"super_admin"}',
   '{"display_name":"RideNDine Ops","role":"super_admin"}', true, 'authenticated'),
  -- sean@ridendine.ca — multi-role test super-admin.
  -- Promoted to super_admin AND retains chef profile + storefront, plus has
  -- customer and driver rows below so one login (password123) can exercise
  -- all 4 apps (customer marketplace, chef-admin, ops-admin, driver-app).
  ('11111111-1111-1111-1111-111111111111', 'sean@ridendine.ca', crypt('password123', gen_salt('bf')), NOW(), NOW(), NOW(),
   '{"provider":"email","providers":["email"],"role":"super_admin"}',
   '{"display_name":"Sean","role":"super_admin"}', true, 'authenticated'),
  ('22222222-2222-2222-2222-222222222222', 'tuan@ridendine.ca', crypt('password123', gen_salt('bf')), NOW(), NOW(), NOW(),
   '{"provider":"email","providers":["email"],"role":"chef"}',
   '{"display_name":"Tuan","role":"chef"}', false, 'authenticated'),
  ('33333333-3333-3333-3333-333333333333', 'ryo@ridendine.ca', crypt('password123', gen_salt('bf')), NOW(), NOW(), NOW(),
   '{"provider":"email","providers":["email"],"role":"chef"}',
   '{"display_name":"Ryo","role":"chef"}', false, 'authenticated'),
  ('44444444-4444-4444-4444-444444444444', 'alice@example.com', crypt('password123', gen_salt('bf')), NOW(), NOW(), NOW(),
   '{"provider":"email","providers":["email"],"role":"customer"}',
   '{"display_name":"Alice","role":"customer"}', false, 'authenticated'),
  ('55555555-5555-5555-5555-555555555555', 'bob@example.com', crypt('password123', gen_salt('bf')), NOW(), NOW(), NOW(),
   '{"provider":"email","providers":["email"],"role":"customer"}',
   '{"display_name":"Bob","role":"customer"}', false, 'authenticated'),
  ('66666666-6666-6666-6666-666666666666', 'mike.driver@ridendine.ca', crypt('password123', gen_salt('bf')), NOW(), NOW(), NOW(),
   '{"provider":"email","providers":["email"],"role":"driver"}',
   '{"display_name":"Mike Chen","role":"driver"}', false, 'authenticated'),
  ('77777777-7777-7777-7777-777777777777', 'sarah.driver@ridendine.ca', crypt('password123', gen_salt('bf')), NOW(), NOW(), NOW(),
   '{"provider":"email","providers":["email"],"role":"driver"}',
   '{"display_name":"Sarah Kim","role":"driver"}', false, 'authenticated'),
  -- Pending-approval chef — used by ops "approve chef" lifecycle test
  ('88888888-8888-8888-8888-888888888888', 'pending.chef@ridendine.ca', crypt('password123', gen_salt('bf')), NOW(), NOW(), NOW(),
   '{"provider":"email","providers":["email"],"role":"chef"}',
   '{"display_name":"Pending Chef","role":"chef"}', false, 'authenticated')
ON CONFLICT (id) DO NOTHING;

-- GoTrue requirements for password sign-in on directly-seeded users:
--   * instance_id + aud must match what the auth server queries on.
--   * The token/change columns must be empty strings, not NULL — GoTrue's row
--     scan errors on NULLs ("converting NULL to string is unsupported"),
--     which surfaces as a failed login.
UPDATE auth.users SET
  instance_id = '00000000-0000-0000-0000-000000000000',
  aud = 'authenticated',
  confirmation_token = COALESCE(confirmation_token, ''),
  recovery_token = COALESCE(recovery_token, ''),
  email_change = COALESCE(email_change, ''),
  email_change_token_new = COALESCE(email_change_token_new, ''),
  email_change_token_current = COALESCE(email_change_token_current, ''),
  phone_change = COALESCE(phone_change, ''),
  phone_change_token = COALESCE(phone_change_token, ''),
  reauthentication_token = COALESCE(reauthentication_token, '')
WHERE id IN (
  '00000000-0000-0000-0000-000000000001',
  '11111111-1111-1111-1111-111111111111',
  '22222222-2222-2222-2222-222222222222',
  '33333333-3333-3333-3333-333333333333',
  '44444444-4444-4444-4444-444444444444',
  '55555555-5555-5555-5555-555555555555',
  '66666666-6666-6666-6666-666666666666',
  '77777777-7777-7777-7777-777777777777',
  '88888888-8888-8888-8888-888888888888'
);

-- Email/password sign-in also requires a matching auth.identities row per
-- user (provider 'email'); GoTrue rejects credentials without one.
INSERT INTO auth.identities (provider_id, user_id, identity_data, provider, last_sign_in_at, created_at, updated_at)
SELECT
  u.id::text,
  u.id,
  jsonb_build_object('sub', u.id::text, 'email', u.email, 'email_verified', true),
  'email',
  NOW(), NOW(), NOW()
FROM auth.users u
WHERE u.id IN (
  '00000000-0000-0000-0000-000000000001',
  '11111111-1111-1111-1111-111111111111',
  '22222222-2222-2222-2222-222222222222',
  '33333333-3333-3333-3333-333333333333',
  '44444444-4444-4444-4444-444444444444',
  '55555555-5555-5555-5555-555555555555',
  '66666666-6666-6666-6666-666666666666',
  '77777777-7777-7777-7777-777777777777',
  '88888888-8888-8888-8888-888888888888'
)
ON CONFLICT (provider_id, provider) DO NOTHING;

-- ============================================================
-- SECTION 1B: PLATFORM USERS
-- ============================================================

INSERT INTO platform_users (id, user_id, email, name, role, is_active, created_at, updated_at)
VALUES
  ('90000000-0000-0000-0000-000000000001',
   '00000000-0000-0000-0000-000000000001',
   'ops@ridendine.ca',
   'RideNDine Ops',
   'super_admin',
   true,
   NOW() - INTERVAL '120 days',
   NOW()),
  -- sean@ridendine.ca super-admin entry — unlocks ops-admin dashboard for the
  -- multi-role test user. He also has a chef_profile, customer row, and
  -- driver row below so one login exercises all 4 apps.
  ('90000000-0000-0000-0000-000000000002',
   '11111111-1111-1111-1111-111111111111',
   'sean@ridendine.ca',
   'Sean (Test Super Admin)',
   'super_admin',
   true,
   NOW() - INTERVAL '120 days',
   NOW())
ON CONFLICT (id) DO NOTHING;

-- ============================================================
-- SECTION 2: CHEF PROFILES
-- ============================================================

INSERT INTO chef_profiles (id, user_id, display_name, phone, bio, status, created_at, updated_at)
VALUES
  ('aaaaaaaa-aaaa-aaaa-aaaa-aaaaaaaaaaaa',
   '11111111-1111-1111-1111-111111111111',
   'Sean',
   '+1 (905) 555-0101',
   'Hamilton-born chef with a passion for bold comfort food. Every dish is made with love and a whole lot of flavour.',
   'approved',
   NOW() - INTERVAL '90 days', NOW()),
  ('bbbbbbbb-bbbb-bbbb-bbbb-bbbbbbbbbbbb',
   '22222222-2222-2222-2222-222222222222',
   'Tuan',
   '+1 (905) 555-0202',
   'Authentic Vietnamese royal cuisine from Huế. Slow-cooked broths, hand-crafted noodle soups, and traditional family recipes.',
   'approved',
   NOW() - INTERVAL '60 days', NOW()),
  ('cccccccc-cccc-cccc-cccc-cccccccccccc',
   '33333333-3333-3333-3333-333333333333',
   'Ryo',
   '+1 (905) 555-0303',
   'Osaka-trained home chef bringing Japanese precision to Hamilton kitchens. Tonkotsu ramen, katsu, and gyudon crafted with care.',
   'approved',
   NOW() - INTERVAL '45 days', NOW()),
  -- Pending-approval chef — required by ops "approve chef" lifecycle Playwright test (Phase 11).
  -- Deterministic UUID: a1a1a1a1-a1a1-a1a1-a1a1-a1a1a1a1a1a1
  ('a1a1a1a1-a1a1-a1a1-a1a1-a1a1a1a1a1a1',
   '88888888-8888-8888-8888-888888888888',
   'Pending Chef',
   '+1 (905) 555-0404',
   'A new chef awaiting platform approval.',
   -- chef_profiles_status_check allows pending|approved|rejected|suspended;
   -- 'pending_approval' is storefront-governance vocabulary, not a chef status.
   'pending',
   NOW() - INTERVAL '1 day', NOW())
ON CONFLICT (id) DO NOTHING;

-- ============================================================
-- SECTION 3: CHEF KITCHENS (required FK for storefronts)
-- ============================================================

INSERT INTO chef_kitchens (id, chef_id, name, address_line1, city, state, postal_code, country, is_verified, created_at, updated_at)
VALUES
  ('aa000000-0001-4000-8000-000000000001',
   'aaaaaaaa-aaaa-aaaa-aaaa-aaaaaaaaaaaa',
   'Every Bite Yum Kitchen',
   '123 King St W', 'Hamilton', 'ON', 'L8P 1A1', 'CA',
   true, NOW() - INTERVAL '90 days', NOW()),
  ('aa000000-0002-4000-8000-000000000002',
   'bbbbbbbb-bbbb-bbbb-bbbb-bbbbbbbbbbbb',
   'HOÀNG GIA PHỞ Kitchen',
   '456 Barton St E', 'Hamilton', 'ON', 'L8L 2Y5', 'CA',
   true, NOW() - INTERVAL '60 days', NOW()),
  ('aa000000-0003-4000-8000-000000000003',
   'cccccccc-cccc-cccc-cccc-cccccccccccc',
   'COOCO Kitchen',
   '789 Concession St', 'Hamilton', 'ON', 'L8V 1C9', 'CA',
   true, NOW() - INTERVAL '45 days', NOW())
ON CONFLICT (id) DO NOTHING;

-- ============================================================
-- SECTION 4: CHEF STOREFRONTS
-- ============================================================

INSERT INTO chef_storefronts (
  id, chef_id, kitchen_id, slug, name, description, cuisine_types,
  cover_image_url, logo_url,
  is_active, is_featured,
  estimated_prep_time_min, estimated_prep_time_max,
  min_order_amount,
  average_rating, total_reviews,
  created_at, updated_at
)
VALUES
  -- Every Bite Yum (Sean)
  ('dddddddd-dddd-dddd-dddd-dddddddddddd',
   'aaaaaaaa-aaaa-aaaa-aaaa-aaaaaaaaaaaa',
   'aa000000-0001-4000-8000-000000000001',
   'every-bite-yum',
   'Every Bite Yum',
   'Bold comfort food made with love. Smash burgers, Nashville hot chicken, and creative Canadian-fusion dishes that make every bite count.',
   ARRAY['Comfort Food', 'Canadian', 'Fusion', 'Burgers'],
   'https://images.unsplash.com/photo-1568901346375-23c9450c58cd?w=800&q=80',
   NULL,
   true, true,
   25, 45,
   20.00,
   4.8, 24,
   NOW() - INTERVAL '90 days', NOW()),

  -- HOÀNG GIA PHỞ (Tuan)
  ('eeeeeeee-eeee-eeee-eeee-eeeeeeeeeeee',
   'bbbbbbbb-bbbb-bbbb-bbbb-bbbbbbbbbbbb',
   'aa000000-0002-4000-8000-000000000002',
   'hoang-gia-pho',
   'HOÀNG GIA PHỞ',
   'Authentic Vietnamese royal cuisine from Huế. Slow-cooked broths simmered for 12+ hours, hand-crafted noodle soups, and traditional dishes that bring the flavours of Vietnam to your door.',
   ARRAY['Vietnamese', 'Phở', 'Noodle Soups', 'Asian'],
   'https://images.unsplash.com/photo-1555126634-323283e090fa?w=800&q=80',
   NULL,
   true, true,
   30, 60,
   25.00,
   4.9, 38,
   NOW() - INTERVAL '60 days', NOW()),

  -- COOCO (Ryo)
  ('ffffffff-ffff-ffff-ffff-ffffffffffff',
   'cccccccc-cccc-cccc-cccc-cccccccccccc',
   'aa000000-0003-4000-8000-000000000003',
   'cooco',
   'COOCO',
   'Japanese home cooking elevated. Osaka-trained precision meets Hamilton hospitality — tonkotsu ramen, gyudon, and chicken katsu curry crafted with care and authentic ingredients.',
   ARRAY['Japanese', 'Ramen', 'Katsu', 'Asian'],
   'https://images.unsplash.com/photo-1569718212165-3a8278d5f624?w=800&q=80',
   NULL,
   true, true,
   20, 40,
   20.00,
   4.7, 19,
   NOW() - INTERVAL '45 days', NOW())
ON CONFLICT (id) DO NOTHING;

-- ============================================================
-- SECTION 5: MENU CATEGORIES
-- ============================================================

INSERT INTO menu_categories (id, storefront_id, name, description, sort_order, is_active, created_at, updated_at)
VALUES
  ('ca700000-0001-4000-8000-000000000001', 'dddddddd-dddd-dddd-dddd-dddddddddddd', 'Burgers & Sandwiches', 'Hand-crafted smash burgers and loaded sandwiches', 1, true, NOW(), NOW()),
  ('ca700000-0001-4000-8000-000000000002', 'dddddddd-dddd-dddd-dddd-dddddddddddd', 'Chicken', 'Nashville hot, crispy, and saucy chicken dishes', 2, true, NOW(), NOW()),
  ('ca700000-0002-4000-8000-000000000001', 'eeeeeeee-eeee-eeee-eeee-eeeeeeeeeeee', 'Phở & Noodle Soups', 'Slow-cooked broths and hand-crafted noodle soups', 1, true, NOW(), NOW()),
  ('ca700000-0002-4000-8000-000000000002', 'eeeeeeee-eeee-eeee-eeee-eeeeeeeeeeee', 'Rice & Vermicelli', 'Traditional rice and vermicelli dishes', 2, true, NOW(), NOW()),
  ('ca700000-0003-4000-8000-000000000001', 'ffffffff-ffff-ffff-ffff-ffffffffffff', 'Ramen & Soups', 'Rich tonkotsu and shoyu ramen bowls', 1, true, NOW(), NOW()),
  ('ca700000-0003-4000-8000-000000000002', 'ffffffff-ffff-ffff-ffff-ffffffffffff', 'Rice Bowls', 'Hearty Japanese rice bowl dishes', 2, true, NOW(), NOW())
ON CONFLICT (id) DO NOTHING;

-- ============================================================
-- SECTION 6: MENU ITEMS (5 per storefront = 15 total)
-- ============================================================

INSERT INTO menu_items (
  id, storefront_id, category_id, name, description,
  price, image_url, is_available, is_featured,
  dietary_tags, prep_time_minutes, sort_order,
  created_at, updated_at
)
VALUES
  -- EVERY BITE YUM (Sean) — 5 dishes
  ('17e30000-0001-4000-8000-000000000001', 'dddddddd-dddd-dddd-dddd-dddddddddddd', 'ca700000-0001-4000-8000-000000000001',
   'Classic Smash Burger',
   'Double smash patties, American cheese, caramelized onions, house sauce, brioche bun. Crispy edges, juicy centre.',
   18.99, 'https://images.unsplash.com/photo-1568901346375-23c9450c58cd?w=600&q=80',
   true, true, ARRAY[]::text[], 20, 1, NOW(), NOW()),

  ('17e30000-0001-4000-8000-000000000002', 'dddddddd-dddd-dddd-dddd-dddddddddddd', 'ca700000-0001-4000-8000-000000000001',
   'BBQ Bacon Smash Burger',
   'Double smash patties, crispy bacon, aged cheddar, smoky BBQ sauce, pickled jalapeños, brioche bun.',
   21.99, 'https://images.unsplash.com/photo-1553979459-d2229ba7433b?w=600&q=80',
   true, false, ARRAY[]::text[], 22, 2, NOW(), NOW()),

  ('17e30000-0001-4000-8000-000000000003', 'dddddddd-dddd-dddd-dddd-dddddddddddd', 'ca700000-0001-4000-8000-000000000002',
   'Nashville Hot Chicken Sandwich',
   'Crispy fried chicken thigh, Nashville hot sauce, coleslaw, pickles, brioche bun. Spicy, crunchy, and addictive.',
   19.99, 'https://images.unsplash.com/photo-1606755962773-d324e0a13086?w=600&q=80',
   true, true, ARRAY[]::text[], 25, 3, NOW(), NOW()),

  ('17e30000-0001-4000-8000-000000000004', 'dddddddd-dddd-dddd-dddd-dddddddddddd', 'ca700000-0001-4000-8000-000000000002',
   'Crispy Chicken Tenders (4pc)',
   'Hand-breaded chicken tenders, golden crispy, served with your choice of dipping sauce.',
   16.99, 'https://images.unsplash.com/photo-1562967914-608f82629710?w=600&q=80',
   true, false, ARRAY[]::text[], 20, 4, NOW(), NOW()),

  ('17e30000-0001-4000-8000-000000000005', 'dddddddd-dddd-dddd-dddd-dddddddddddd', 'ca700000-0001-4000-8000-000000000001',
   'Mushroom Swiss Smash Burger',
   'Double smash patties, sautéed mushrooms, Swiss cheese, garlic aioli, arugula, brioche bun.',
   20.99, 'https://images.unsplash.com/photo-1594212699903-ec8a3eca50f5?w=600&q=80',
   true, false, ARRAY[]::text[], 22, 5, NOW(), NOW()),

  -- HOÀNG GIA PHỞ (Tuan) — 5 dishes
  ('17e30000-0002-4000-8000-000000000001', 'eeeeeeee-eeee-eeee-eeee-eeeeeeeeeeee', 'ca700000-0002-4000-8000-000000000001',
   'Beef Phở (Phở Bò)',
   'Slow-simmered beef bone broth (12+ hours), rice noodles, tender beef slices, brisket, and meatballs. Serves 2.',
   28.00, 'https://images.unsplash.com/photo-1555126634-323283e090fa?w=600&q=80',
   true, true, ARRAY['Gluten-Free Option']::text[], 45, 1, NOW(), NOW()),

  ('17e30000-0002-4000-8000-000000000002', 'eeeeeeee-eeee-eeee-eeee-eeeeeeeeeeee', 'ca700000-0002-4000-8000-000000000001',
   'Chicken Phở (Phở Gà)',
   'Light and fragrant chicken broth, rice noodles, poached chicken breast, fresh ginger. Serves 2.',
   26.00, 'https://images.unsplash.com/photo-1569718212165-3a8278d5f624?w=600&q=80',
   true, false, ARRAY['Gluten-Free Option']::text[], 40, 2, NOW(), NOW()),

  ('17e30000-0002-4000-8000-000000000003', 'eeeeeeee-eeee-eeee-eeee-eeeeeeeeeeee', 'ca700000-0002-4000-8000-000000000001',
   'Authentic Huế Beef Noodle Soup (Bún Bò Huế)',
   'Spicy lemongrass beef broth, thick round noodles, beef shank, pork hock. A royal dish from the ancient capital of Huế. Serves 2.',
   32.00, 'https://images.unsplash.com/photo-1569050467447-ce54b3bbc37d?w=600&q=80',
   true, true, ARRAY[]::text[], 50, 3, NOW(), NOW()),

  ('17e30000-0002-4000-8000-000000000004', 'eeeeeeee-eeee-eeee-eeee-eeeeeeeeeeee', 'ca700000-0002-4000-8000-000000000002',
   'Stir-Fried Pork Vermicelli (Bún Thịt Xào)',
   'Grilled lemongrass pork, crispy spring rolls, vermicelli noodles, fresh herbs, pickled vegetables, house fish sauce dressing. Serves 2.',
   24.00, 'https://images.unsplash.com/photo-1547592180-85f173990554?w=600&q=80',
   true, false, ARRAY[]::text[], 30, 4, NOW(), NOW()),

  ('17e30000-0002-4000-8000-000000000005', 'eeeeeeee-eeee-eeee-eeee-eeeeeeeeeeee', 'ca700000-0002-4000-8000-000000000002',
   'Vietnamese Beef Stew (Bò Kho)',
   'Slow-braised beef shank in aromatic lemongrass and star anise broth. Served with bánh mì or noodles. Serves 2.',
   30.00, 'https://images.unsplash.com/photo-1504674900247-0877df9cc836?w=600&q=80',
   true, false, ARRAY[]::text[], 45, 5, NOW(), NOW()),

  -- COOCO (Ryo) — 5 dishes
  ('17e30000-0003-4000-8000-000000000001', 'ffffffff-ffff-ffff-ffff-ffffffffffff', 'ca700000-0003-4000-8000-000000000001',
   'Tonkotsu Ramen',
   'Rich, creamy pork bone broth simmered for 18 hours, thin ramen noodles, chashu pork belly, soft-boiled marinated egg, nori, bamboo shoots.',
   22.00, 'https://images.unsplash.com/photo-1569718212165-3a8278d5f624?w=600&q=80',
   true, true, ARRAY[]::text[], 25, 1, NOW(), NOW()),

  ('17e30000-0003-4000-8000-000000000002', 'ffffffff-ffff-ffff-ffff-ffffffffffff', 'ca700000-0003-4000-8000-000000000001',
   'Shoyu Ramen',
   'Clear soy-based chicken broth, wavy noodles, chicken chashu, marinated egg, menma, nori, and scallions.',
   20.00, 'https://images.unsplash.com/photo-1569050467447-ce54b3bbc37d?w=600&q=80',
   true, false, ARRAY[]::text[], 20, 2, NOW(), NOW()),

  ('17e30000-0003-4000-8000-000000000003', 'ffffffff-ffff-ffff-ffff-ffffffffffff', 'ca700000-0003-4000-8000-000000000002',
   'Chicken Katsu Curry',
   'Crispy panko-breaded chicken cutlet over Japanese short-grain rice, topped with rich golden curry sauce. Served with pickled daikon.',
   21.00, 'https://images.unsplash.com/photo-1547592180-85f173990554?w=600&q=80',
   true, true, ARRAY[]::text[], 25, 3, NOW(), NOW()),

  ('17e30000-0003-4000-8000-000000000004', 'ffffffff-ffff-ffff-ffff-ffffffffffff', 'ca700000-0003-4000-8000-000000000002',
   'Gyudon (Beef Rice Bowl)',
   'Thinly sliced beef and onions simmered in sweet dashi-soy broth, served over steamed Japanese rice with a soft-poached egg.',
   19.00, 'https://images.unsplash.com/photo-1562967914-608f82629710?w=600&q=80',
   true, false, ARRAY[]::text[], 20, 4, NOW(), NOW()),

  ('17e30000-0003-4000-8000-000000000005', 'ffffffff-ffff-ffff-ffff-ffffffffffff', 'ca700000-0003-4000-8000-000000000002',
   'Karaage Chicken Don',
   'Japanese fried chicken marinated in soy, ginger, and sake, served over steamed rice with Japanese mayo and teriyaki drizzle.',
   20.00, 'https://images.unsplash.com/photo-1606755962773-d324e0a13086?w=600&q=80',
   true, false, ARRAY[]::text[], 22, 5, NOW(), NOW())
ON CONFLICT (id) DO NOTHING;

-- ============================================================
-- SECTION 7: CUSTOMERS
-- ============================================================

INSERT INTO customers (id, user_id, first_name, last_name, email, phone, created_at, updated_at)
VALUES
  ('c0570000-0000-4000-8000-000000000001', '44444444-4444-4444-4444-444444444444',
   'Alice', 'Thompson', 'alice@example.com', '+1 (905) 555-1001',
   NOW() - INTERVAL '30 days', NOW()),
  ('c0570000-0000-4000-8000-000000000002', '55555555-5555-5555-5555-555555555555',
   'Bob', 'Martinez', 'bob@example.com', '+1 (905) 555-1002',
   NOW() - INTERVAL '20 days', NOW()),
  -- Sean as a customer — lets the multi-role test super-admin browse the
  -- marketplace, add to cart, and place orders end-to-end.
  ('11111111-2222-3333-aaaa-000000000001', '11111111-1111-1111-1111-111111111111',
   'Sean', 'Finlay', 'sean@ridendine.ca', '+1 (905) 555-0101',
   NOW() - INTERVAL '120 days', NOW())
ON CONFLICT (id) DO NOTHING;

-- ============================================================
-- SECTION 8: CUSTOMER ADDRESSES
-- ============================================================

-- address_line1 matches production; 00048 converges fresh replays to it.
INSERT INTO customer_addresses (id, customer_id, label, address_line1, city, state, postal_code, country, is_default, created_at, updated_at)
VALUES
  ('add20000-0000-4000-8000-000000000001',
   'c0570000-0000-4000-8000-000000000001',
   'Home', '10 Main St W', 'Hamilton', 'ON', 'L8P 1H1', 'CA',
   true, NOW(), NOW()),
  ('add20000-0000-4000-8000-000000000002',
   'c0570000-0000-4000-8000-000000000002',
   'Home', '25 Dundurn St N', 'Hamilton', 'ON', 'L8R 3E2', 'CA',
   true, NOW(), NOW()),
  ('11111111-2222-3333-bbbb-000000000001',
   '11111111-2222-3333-aaaa-000000000001',
   'Home', '500 James St N', 'Hamilton', 'ON', 'L8L 1J5', 'CA',
   true, NOW(), NOW())
ON CONFLICT (id) DO NOTHING;

-- ============================================================
-- SECTION 9: DRIVERS (using 'drivers' table per schema)
-- ============================================================

INSERT INTO drivers (id, user_id, first_name, last_name, phone, email, status, created_at, updated_at)
VALUES
  ('d2000000-0000-4000-8000-000000000001',
   '66666666-6666-6666-6666-666666666666',
   'Mike', 'Chen', '+1 (905) 555-2001', 'mike.driver@ridendine.ca',
   'approved', NOW() - INTERVAL '60 days', NOW()),
  ('d2000000-0000-4000-8000-000000000002',
   '77777777-7777-7777-7777-777777777777',
   'Sarah', 'Kim', '+1 (905) 555-2002', 'sarah.driver@ridendine.ca',
   'approved', NOW() - INTERVAL '40 days', NOW()),
  -- Sean as a driver — lets the multi-role test super-admin sign in to the
  -- driver PWA and accept delivery offers.
  ('11111111-2222-3333-cccc-000000000001',
   '11111111-1111-1111-1111-111111111111',
   'Sean', 'Finlay', '+1 (905) 555-0101', 'sean@ridendine.ca',
   'approved', NOW() - INTERVAL '120 days', NOW())
ON CONFLICT (id) DO NOTHING;

-- ============================================================
-- SECTION 10: DRIVER VEHICLES
-- ============================================================

INSERT INTO driver_vehicles (id, driver_id, vehicle_type, make, model, year, color, license_plate, is_active, created_at, updated_at)
VALUES
  ('f1ee0000-0000-4000-8000-000000000001',
   'd2000000-0000-4000-8000-000000000001',
   'car', 'Toyota', 'Corolla', 2021, 'Silver', 'ABCD 123',
   true, NOW(), NOW()),
  ('f1ee0000-0000-4000-8000-000000000002',
   'd2000000-0000-4000-8000-000000000002',
   'car', 'Honda', 'Civic', 2020, 'Blue', 'EFGH 456',
   true, NOW(), NOW()),
  ('11111111-2222-3333-dddd-000000000001',
   '11111111-2222-3333-cccc-000000000001',
   'car', 'Tesla', 'Model 3', 2023, 'Black', 'TEST 001',
   true, NOW(), NOW())
ON CONFLICT (id) DO NOTHING;

-- ============================================================
-- SECTION 11: ORDERS (schema-compliant with delivery_address_id)
-- ============================================================

INSERT INTO orders (
  id, order_number, customer_id, storefront_id, delivery_address_id,
  status, payment_status,
  subtotal, delivery_fee, service_fee, tax, tip, total,
  special_instructions,
  created_at, updated_at
)
VALUES
  -- Order 1: Every Bite Yum - delivered
  ('0d000000-0000-4000-8000-000000000001', 'RND-001',
   'c0570000-0000-4000-8000-000000000001',
   'dddddddd-dddd-dddd-dddd-dddddddddddd',
   'add20000-0000-4000-8000-000000000001',
   'delivered', 'completed',
   40.98, 5.00, 2.00, 5.98, 2.00, 55.96,
   'Please ring doorbell',
   NOW() - INTERVAL '5 days', NOW() - INTERVAL '5 days' + INTERVAL '45 minutes'),

  -- Order 2: HOÀNG GIA PHỞ - delivered
  ('0d000000-0000-4000-8000-000000000002', 'RND-002',
   'c0570000-0000-4000-8000-000000000002',
   'eeeeeeee-eeee-eeee-eeee-eeeeeeeeeeee',
   'add20000-0000-4000-8000-000000000002',
   'delivered', 'completed',
   58.00, 5.00, 2.00, 8.19, 3.00, 76.19,
   'Extra herbs please',
   NOW() - INTERVAL '3 days', NOW() - INTERVAL '3 days' + INTERVAL '55 minutes'),

  -- Order 3: COOCO - delivered
  ('0d000000-0000-4000-8000-000000000003', 'RND-003',
   'c0570000-0000-4000-8000-000000000001',
   'ffffffff-ffff-ffff-ffff-ffffffffffff',
   'add20000-0000-4000-8000-000000000001',
   'delivered', 'completed',
   43.00, 5.00, 2.00, 6.24, 2.00, 58.24,
   NULL,
   NOW() - INTERVAL '2 days', NOW() - INTERVAL '2 days' + INTERVAL '40 minutes'),

  -- Order 4: Every Bite Yum - preparing
  ('0d000000-0000-4000-8000-000000000004', 'RND-004',
   'c0570000-0000-4000-8000-000000000002',
   'dddddddd-dddd-dddd-dddd-dddddddddddd',
   'add20000-0000-4000-8000-000000000002',
   'preparing', 'pending',
   39.98, 5.00, 2.00, 5.82, 0.00, 52.80,
   NULL,
   NOW() - INTERVAL '30 minutes', NOW() - INTERVAL '20 minutes'),

  -- Order 5: HOÀNG GIA PHỞ - pending
  ('0d000000-0000-4000-8000-000000000005', 'RND-005',
   'c0570000-0000-4000-8000-000000000001',
   'eeeeeeee-eeee-eeee-eeee-eeeeeeeeeeee',
   'add20000-0000-4000-8000-000000000001',
   'pending', 'pending',
   54.00, 5.00, 2.00, 7.65, 0.00, 68.65,
   'No spice please',
   NOW() - INTERVAL '10 minutes', NOW() - INTERVAL '10 minutes'),

  -- Order 6: COOCO - ready_for_pickup
  ('0d000000-0000-4000-8000-000000000006', 'RND-006',
   'c0570000-0000-4000-8000-000000000002',
   'ffffffff-ffff-ffff-ffff-ffffffffffff',
   'add20000-0000-4000-8000-000000000002',
   'ready_for_pickup', 'pending',
   41.00, 5.00, 2.00, 5.97, 0.00, 53.97,
   NULL,
   NOW() - INTERVAL '45 minutes', NOW() - INTERVAL '15 minutes'),

  -- Order 7: Every Bite Yum - pending — DEDICATED customer-cancel fixture
  -- (e2e/lifecycle/negative-paths.spec.ts, Alice cancels from the tracking
  -- page). created_at NOW() keeps the chef-admin 8-minute acceptance
  -- countdown from auto-rejecting it while the suite runs.
  ('0d000000-0000-4000-8000-000000000007', 'RND-007',
   'c0570000-0000-4000-8000-000000000001',
   'dddddddd-dddd-dddd-dddd-dddddddddddd',
   'add20000-0000-4000-8000-000000000001',
   'pending', 'pending',
   38.98, 5.00, 2.00, 5.98, 0.00, 51.96,
   'E2E cancel fixture — do not prepare',
   NOW(), NOW()),

  -- Order 8: HOÀNG GIA PHỞ - pending — DEDICATED chef-reject fixture
  -- (e2e/lifecycle/negative-paths.spec.ts signs in as tuan@ridendine.ca, so
  -- the storefront MUST be Tuan's). created_at NOW() — see RND-007 note.
  ('0d000000-0000-4000-8000-000000000008', 'RND-008',
   'c0570000-0000-4000-8000-000000000002',
   'eeeeeeee-eeee-eeee-eeee-eeeeeeeeeeee',
   'add20000-0000-4000-8000-000000000002',
   'pending', 'pending',
   54.00, 5.00, 2.00, 7.93, 0.00, 68.93,
   'E2E reject fixture — do not prepare',
   NOW(), NOW())
ON CONFLICT (id) DO NOTHING;

-- engine_status must mirror each order's seeded status. The column default is
-- 'pending', which would make the engine state machine evaluate kitchen
-- actions on already-delivered orders from the wrong state (e.g. allowing
-- start_preparing on RND-001). The public_stage sync trigger keeps
-- public_stage consistent with this update.
UPDATE orders SET engine_status = CASE status
    WHEN 'delivered' THEN 'delivered'
    WHEN 'preparing' THEN 'preparing'
    WHEN 'ready_for_pickup' THEN 'ready'
    ELSE 'pending'
  END
WHERE id IN (
  '0d000000-0000-4000-8000-000000000001',
  '0d000000-0000-4000-8000-000000000002',
  '0d000000-0000-4000-8000-000000000003',
  '0d000000-0000-4000-8000-000000000004',
  '0d000000-0000-4000-8000-000000000005',
  '0d000000-0000-4000-8000-000000000006',
  '0d000000-0000-4000-8000-000000000007',
  '0d000000-0000-4000-8000-000000000008'
);

-- ============================================================
-- SECTION 12: ORDER ITEMS (using menu_item_name per schema)
-- ============================================================

INSERT INTO order_items (id, order_id, menu_item_id, menu_item_name, quantity, unit_price, total_price, created_at)
VALUES
  ('01000000-0001-4000-8000-000000000001', '0d000000-0000-4000-8000-000000000001', '17e30000-0001-4000-8000-000000000001', 'Classic Smash Burger', 1, 18.99, 18.99, NOW() - INTERVAL '5 days'),
  ('01000000-0001-4000-8000-000000000002', '0d000000-0000-4000-8000-000000000001', '17e30000-0001-4000-8000-000000000003', 'Nashville Hot Chicken Sandwich', 1, 19.99, 19.99, NOW() - INTERVAL '5 days'),
  ('01000000-0002-4000-8000-000000000001', '0d000000-0000-4000-8000-000000000002', '17e30000-0002-4000-8000-000000000001', 'Beef Phở (Phở Bò)', 1, 28.00, 28.00, NOW() - INTERVAL '3 days'),
  ('01000000-0002-4000-8000-000000000002', '0d000000-0000-4000-8000-000000000002', '17e30000-0002-4000-8000-000000000003', 'Authentic Huế Beef Noodle Soup (Bún Bò Huế)', 1, 32.00, 32.00, NOW() - INTERVAL '3 days'),
  ('01000000-0003-4000-8000-000000000001', '0d000000-0000-4000-8000-000000000003', '17e30000-0003-4000-8000-000000000001', 'Tonkotsu Ramen', 1, 22.00, 22.00, NOW() - INTERVAL '2 days'),
  ('01000000-0003-4000-8000-000000000002', '0d000000-0000-4000-8000-000000000003', '17e30000-0003-4000-8000-000000000003', 'Chicken Katsu Curry', 1, 21.00, 21.00, NOW() - INTERVAL '2 days'),
  ('01000000-0004-4000-8000-000000000001', '0d000000-0000-4000-8000-000000000004', '17e30000-0001-4000-8000-000000000002', 'BBQ Bacon Smash Burger', 1, 21.99, 21.99, NOW() - INTERVAL '30 minutes'),
  ('01000000-0004-4000-8000-000000000002', '0d000000-0000-4000-8000-000000000004', '17e30000-0001-4000-8000-000000000004', 'Crispy Chicken Tenders (4pc)', 1, 16.99, 16.99, NOW() - INTERVAL '30 minutes'),
  ('01000000-0005-4000-8000-000000000001', '0d000000-0000-4000-8000-000000000005', '17e30000-0002-4000-8000-000000000002', 'Chicken Phở (Phở Gà)', 1, 26.00, 26.00, NOW() - INTERVAL '10 minutes'),
  ('01000000-0005-4000-8000-000000000002', '0d000000-0000-4000-8000-000000000005', '17e30000-0002-4000-8000-000000000004', 'Stir-Fried Pork Vermicelli (Bún Thịt Xào)', 1, 24.00, 24.00, NOW() - INTERVAL '10 minutes'),
  ('01000000-0006-4000-8000-000000000001', '0d000000-0000-4000-8000-000000000006', '17e30000-0003-4000-8000-000000000004', 'Gyudon (Beef Rice Bowl)', 1, 19.00, 19.00, NOW() - INTERVAL '45 minutes'),
  ('01000000-0006-4000-8000-000000000002', '0d000000-0000-4000-8000-000000000006', '17e30000-0003-4000-8000-000000000005', 'Karaage Chicken Don', 1, 20.00, 20.00, NOW() - INTERVAL '45 minutes'),
  ('01000000-0007-4000-8000-000000000001', '0d000000-0000-4000-8000-000000000007', '17e30000-0001-4000-8000-000000000001', 'Classic Smash Burger', 1, 18.99, 18.99, NOW()),
  ('01000000-0007-4000-8000-000000000002', '0d000000-0000-4000-8000-000000000007', '17e30000-0001-4000-8000-000000000003', 'Nashville Hot Chicken Sandwich', 1, 19.99, 19.99, NOW()),
  ('01000000-0008-4000-8000-000000000001', '0d000000-0000-4000-8000-000000000008', '17e30000-0002-4000-8000-000000000001', 'Beef Phở (Phở Bò)', 1, 28.00, 28.00, NOW()),
  ('01000000-0008-4000-8000-000000000002', '0d000000-0000-4000-8000-000000000008', '17e30000-0002-4000-8000-000000000002', 'Chicken Phở (Phở Gà)', 1, 26.00, 26.00, NOW())
ON CONFLICT (id) DO NOTHING;

-- ============================================================
-- SECTION 13: ORDER STATUS HISTORY
-- ============================================================

INSERT INTO order_status_history (id, order_id, status, notes, created_at)
VALUES
  ('05000000-0001-4000-8000-000000000001', '0d000000-0000-4000-8000-000000000001', 'pending', 'Order placed by customer', NOW() - INTERVAL '5 days'),
  ('05000000-0001-4000-8000-000000000002', '0d000000-0000-4000-8000-000000000001', 'accepted', 'Order accepted by chef', NOW() - INTERVAL '5 days' + INTERVAL '5 minutes'),
  ('05000000-0001-4000-8000-000000000003', '0d000000-0000-4000-8000-000000000001', 'preparing', 'Chef started preparing', NOW() - INTERVAL '5 days' + INTERVAL '10 minutes'),
  ('05000000-0001-4000-8000-000000000004', '0d000000-0000-4000-8000-000000000001', 'ready_for_pickup', 'Order ready for pickup', NOW() - INTERVAL '5 days' + INTERVAL '30 minutes'),
  ('05000000-0001-4000-8000-000000000005', '0d000000-0000-4000-8000-000000000001', 'picked_up', 'Driver picked up order', NOW() - INTERVAL '5 days' + INTERVAL '35 minutes'),
  ('05000000-0001-4000-8000-000000000006', '0d000000-0000-4000-8000-000000000001', 'delivered', 'Order delivered successfully', NOW() - INTERVAL '5 days' + INTERVAL '45 minutes'),
  ('05000000-0002-4000-8000-000000000001', '0d000000-0000-4000-8000-000000000002', 'pending', 'Order placed by customer', NOW() - INTERVAL '3 days'),
  ('05000000-0002-4000-8000-000000000002', '0d000000-0000-4000-8000-000000000002', 'accepted', 'Order accepted by chef', NOW() - INTERVAL '3 days' + INTERVAL '8 minutes'),
  ('05000000-0002-4000-8000-000000000003', '0d000000-0000-4000-8000-000000000002', 'preparing', 'Chef started preparing', NOW() - INTERVAL '3 days' + INTERVAL '12 minutes'),
  ('05000000-0002-4000-8000-000000000004', '0d000000-0000-4000-8000-000000000002', 'ready_for_pickup', 'Order ready for pickup', NOW() - INTERVAL '3 days' + INTERVAL '40 minutes'),
  ('05000000-0002-4000-8000-000000000005', '0d000000-0000-4000-8000-000000000002', 'picked_up', 'Driver picked up order', NOW() - INTERVAL '3 days' + INTERVAL '48 minutes'),
  ('05000000-0002-4000-8000-000000000006', '0d000000-0000-4000-8000-000000000002', 'delivered', 'Order delivered successfully', NOW() - INTERVAL '3 days' + INTERVAL '55 minutes'),
  ('05000000-0003-4000-8000-000000000001', '0d000000-0000-4000-8000-000000000003', 'pending', 'Order placed', NOW() - INTERVAL '2 days'),
  ('05000000-0003-4000-8000-000000000002', '0d000000-0000-4000-8000-000000000003', 'accepted', 'Accepted', NOW() - INTERVAL '2 days' + INTERVAL '5 minutes'),
  ('05000000-0003-4000-8000-000000000003', '0d000000-0000-4000-8000-000000000003', 'preparing', 'Preparing', NOW() - INTERVAL '2 days' + INTERVAL '10 minutes'),
  ('05000000-0003-4000-8000-000000000004', '0d000000-0000-4000-8000-000000000003', 'ready_for_pickup', 'Ready', NOW() - INTERVAL '2 days' + INTERVAL '28 minutes'),
  ('05000000-0003-4000-8000-000000000005', '0d000000-0000-4000-8000-000000000003', 'picked_up', 'Picked up', NOW() - INTERVAL '2 days' + INTERVAL '32 minutes'),
  ('05000000-0003-4000-8000-000000000006', '0d000000-0000-4000-8000-000000000003', 'delivered', 'Delivered', NOW() - INTERVAL '2 days' + INTERVAL '40 minutes'),
  ('05000000-0004-4000-8000-000000000001', '0d000000-0000-4000-8000-000000000004', 'pending', 'Order placed', NOW() - INTERVAL '30 minutes'),
  ('05000000-0004-4000-8000-000000000002', '0d000000-0000-4000-8000-000000000004', 'accepted', 'Accepted by chef', NOW() - INTERVAL '25 minutes'),
  ('05000000-0004-4000-8000-000000000003', '0d000000-0000-4000-8000-000000000004', 'preparing', 'Chef is preparing now', NOW() - INTERVAL '20 minutes'),
  ('05000000-0005-4000-8000-000000000001', '0d000000-0000-4000-8000-000000000005', 'pending', 'Order placed', NOW() - INTERVAL '10 minutes'),
  ('05000000-0006-4000-8000-000000000001', '0d000000-0000-4000-8000-000000000006', 'pending', 'Order placed', NOW() - INTERVAL '45 minutes'),
  ('05000000-0006-4000-8000-000000000002', '0d000000-0000-4000-8000-000000000006', 'accepted', 'Accepted', NOW() - INTERVAL '40 minutes'),
  ('05000000-0006-4000-8000-000000000003', '0d000000-0000-4000-8000-000000000006', 'preparing', 'Preparing', NOW() - INTERVAL '35 minutes'),
  ('05000000-0006-4000-8000-000000000004', '0d000000-0000-4000-8000-000000000006', 'ready_for_pickup', 'Ready for pickup — awaiting driver', NOW() - INTERVAL '15 minutes'),
  ('05000000-0007-4000-8000-000000000001', '0d000000-0000-4000-8000-000000000007', 'pending', 'Order placed (e2e customer-cancel fixture)', NOW()),
  ('05000000-0008-4000-8000-000000000001', '0d000000-0000-4000-8000-000000000008', 'pending', 'Order placed (e2e chef-reject fixture)', NOW())
ON CONFLICT (id) DO NOTHING;

-- ============================================================
-- SECTION 14: DELIVERIES (using 'drivers' FK per schema)
-- ============================================================

INSERT INTO deliveries (
  id, order_id, driver_id, status,
  pickup_address, dropoff_address,
  distance_km, delivery_fee, driver_payout,
  created_at, updated_at
)
VALUES
  ('de100000-0000-4000-8000-000000000001',
   '0d000000-0000-4000-8000-000000000001',
   'd2000000-0000-4000-8000-000000000001',
   'delivered',
   '123 King St W, Hamilton, ON L8P 1A1',
   '10 Main St W, Hamilton, ON L8P 1H1',
   3.2, 5.00, 8.50,
   NOW() - INTERVAL '5 days', NOW() - INTERVAL '5 days' + INTERVAL '45 minutes'),

  ('de100000-0000-4000-8000-000000000002',
   '0d000000-0000-4000-8000-000000000002',
   'd2000000-0000-4000-8000-000000000002',
   'delivered',
   '456 Barton St E, Hamilton, ON L8L 2Y5',
   '25 Dundurn St N, Hamilton, ON L8R 3E2',
   4.1, 5.00, 9.50,
   NOW() - INTERVAL '3 days', NOW() - INTERVAL '3 days' + INTERVAL '55 minutes'),

  ('de100000-0000-4000-8000-000000000003',
   '0d000000-0000-4000-8000-000000000003',
   'd2000000-0000-4000-8000-000000000001',
   'delivered',
   '789 Concession St, Hamilton, ON L8V 1C9',
   '10 Main St W, Hamilton, ON L8P 1H1',
   2.9, 5.00, 7.50,
   NOW() - INTERVAL '2 days', NOW() - INTERVAL '2 days' + INTERVAL '40 minutes'),

  ('de100000-0000-4000-8000-000000000006',
   '0d000000-0000-4000-8000-000000000006',
   'd2000000-0000-4000-8000-000000000001',
   'assigned',
   '789 Concession St, Hamilton, ON L8V 1C9',
   '25 Dundurn St N, Hamilton, ON L8R 3E2',
   2.8, 5.00, 7.50,
   NOW() - INTERVAL '15 minutes', NOW() - INTERVAL '15 minutes'),

  -- Unassigned pending delivery — required by driver "accept offer" lifecycle Playwright test (Phase 11).
  -- Deterministic UUID: b2b2b2b2-b2b2-b2b2-b2b2-b2b2b2b2b2b2
  -- References order 5 (HOÀNG GIA PHỞ, status pending — no driver assigned yet).
  ('b2b2b2b2-b2b2-b2b2-b2b2-b2b2b2b2b2b2',
   '0d000000-0000-4000-8000-000000000005',
   NULL,
   'pending',
   '456 Barton St E, Hamilton, ON L8L 2Y5',
   '10 Main St W, Hamilton, ON L8P 1H1',
   3.5, 5.00, 8.00,
   NOW() - INTERVAL '10 minutes', NOW() - INTERVAL '10 minutes')
ON CONFLICT (id) DO NOTHING;

-- ============================================================
-- SECTION 14B: ASSIGNMENT ATTEMPTS (pending driver offer)
-- ============================================================
-- Live delivery offer for the seeded unassigned pending delivery
-- (b2b2b2b2-…) targeted at Mike (mike.driver@ridendine.ca) — required by the
-- driver "decline a delivery offer" negative-path Playwright test. The
-- driver-app GET /api/offers filter is response='pending' AND
-- expires_at > NOW(), so the 4-hour expiry comfortably outlives the suite.
-- Schema (00007_central_engine_tables.sql): response CHECK IN
-- ('pending', 'accepted', 'declined', 'expired', 'cancelled').

INSERT INTO assignment_attempts (
  id, delivery_id, driver_id, attempt_number,
  offered_at, expires_at, response,
  distance_meters, estimated_minutes, created_at
)
VALUES
  ('0ffe0000-0000-4000-8000-000000000001',
   'b2b2b2b2-b2b2-b2b2-b2b2-b2b2b2b2b2b2',
   'd2000000-0000-4000-8000-000000000001',
   1,
   NOW(), NOW() + INTERVAL '4 hours', 'pending',
   3500, 12, NOW())
ON CONFLICT (id) DO NOTHING;

-- ============================================================
-- SECTION 15: REVIEWS
-- ============================================================

INSERT INTO reviews (id, order_id, customer_id, storefront_id, rating, comment, created_at, updated_at)
VALUES
  ('ee000000-0000-4000-8000-000000000001',
   '0d000000-0000-4000-8000-000000000001',
   'c0570000-0000-4000-8000-000000000001',
   'dddddddd-dddd-dddd-dddd-dddddddddddd',
   5, 'Best smash burger I''ve ever had! The caramelized onions were perfect. Will definitely order again.',
   NOW() - INTERVAL '5 days' + INTERVAL '2 hours', NOW()),
  ('ee000000-0000-4000-8000-000000000002',
   '0d000000-0000-4000-8000-000000000002',
   'c0570000-0000-4000-8000-000000000002',
   'eeeeeeee-eeee-eeee-eeee-eeeeeeeeeeee',
   5, 'The Bún Bò Huế was absolutely incredible. Authentic flavours, generous portions, and delivered hot. Tuan is amazing!',
   NOW() - INTERVAL '3 days' + INTERVAL '2 hours', NOW()),
  ('ee000000-0000-4000-8000-000000000003',
   '0d000000-0000-4000-8000-000000000003',
   'c0570000-0000-4000-8000-000000000001',
   'ffffffff-ffff-ffff-ffff-ffffffffffff',
   5, 'The tonkotsu ramen broth was so rich and creamy. You can tell it was simmered for hours. Ryo is a true craftsman.',
   NOW() - INTERVAL '2 days' + INTERVAL '2 hours', NOW())
ON CONFLICT (id) DO NOTHING;

-- ============================================================
-- SECTION 16: REFUND CASES (pending ops/finance review)
-- ============================================================
-- One pending refund case against delivered order RND-001 (Alice, Every Bite
-- Yum) so the ops-admin refund queue (/dashboard/finance/refunds) renders a
-- populated queue with Approve/Deny actions. requested_by is Alice's
-- auth.users id (NOT NULL FK). Schema (00007_central_engine_tables.sql):
-- status CHECK IN ('pending', 'approved', 'denied', 'processing',
-- 'completed', 'failed'); refund_reason VARCHAR(50) NOT NULL — value matches
-- the engine RefundReason vocabulary ('quality_issue').
-- approved_amount_cents stays NULL so the queue displays the requested
-- amount ($18.99 — the Classic Smash Burger line).

INSERT INTO refund_cases (
  id, order_id, requested_by,
  requested_amount_cents, refund_reason, refund_notes,
  status, created_at, updated_at
)
VALUES
  ('ca5e0000-0000-4000-8000-000000000001',
   '0d000000-0000-4000-8000-000000000001',
   '44444444-4444-4444-4444-444444444444',
   1899, 'quality_issue', 'Burger arrived cold — customer requested a refund for the item.',
   'pending', NOW(), NOW())
ON CONFLICT (id) DO NOTHING;
